{"id":"FCB24DA7-B06B-43A0-BB25-36AB5E635547","dataPathRelativeToProjectURL":"..\/..\/..\/Downloads\/HackingWithSwift-main\/SwiftUI\/project4-files\/BetterRest.csv\/","version":"1.0","createdDate":"2024-01-01T01:07:37Z","dataURL":"file:\/\/\/Users\/wtrieu\/Downloads\/HackingWithSwift-main\/SwiftUI\/project4-files\/BetterRest.csv","dataResult":{"dataURL":"file:\/\/\/Users\/wtrieu\/Downloads\/HackingWithSwift-main\/SwiftUI\/project4-files\/BetterRest.csv","createdDate":"2024-01-01T01:07:37Z","dataSourceID":"FCB24DA7-B06B-43A0-BB25-36AB5E635547"},"activityEntities":["dataSourceTrainingStarted",[{"id":"72811B8E-0D88-4060-8221-D6E8EB76499A","title":"Used By","createdDate":"2024-01-01T01:09:28Z","event":"dataSourceTrainingStarted","subtitle":"BetterRest 1"}],"dataSourceMetrics",[{"id":"602A0C74-ED3C-4970-B0DD-864C7165DF94","title":"Data Summary","createdDate":"2024-01-01T01:09:28Z","event":"dataSourceMetrics","subtitle":"10,000 Items"}]],"title":"BetterRest.csv","pathType":0,"modifiedDate":"2024-01-01T01:09:28Z","preferredFilename":"BetterRest.csv","experimentIDs":["D50AF2DE-19AA-4508-811A-124D291AE1CC"]}