{"id":"D50AF2DE-19AA-4508-811A-124D291AE1CC","validationEntity":{"analysedDataType":"auto","dataResult":{"createdDate":"2024-01-01T01:07:37Z"}},"modelEntity":{"createdDate":"2024-01-01T01:05:38Z","id":"A4310861-3C7F-4680-B2AE-445313D6DE9E","experimentID":"D50AF2DE-19AA-4508-811A-124D291AE1CC","title":"","modifiedDate":"2024-01-01T01:05:38Z","preferredFilename":"","version":"1.0","modelURL":"Models\/BetterRest%201.mlmodel"},"version":"1.0","settingEntity":{"augmentations":[],"suggestedColumns":["wake","estimatedSleep","coffee","actualSleep"],"targetColumn":"actualSleep","seedType":"default","transferLearningEmbeddingType":"dynamic","handPoseClassifierAugmentations":[],"featureNames":["wake","estimatedSleep","coffee"],"algorithmType":"maxEnt","harVideoAugmentations":0,"taskType":"generalRegresor","suggestedColumnValues":["31,500, 32,400, 26,100, 40,500, 19,800, 27,000, 20,700, 21,600, 41,400, 34,200, 21,600, 78,300, 32,400, 28,800, 18,900, 18,000, 28,800, 18,000, 7,200, 35,100, 24,300, 35,100, 34,200, 27,900, 30,600, 69,300, 35,100, 34,200, 34,200, 23,400","9.00, 5.00, 6.50, 8.75, 6.00, 7.50, 9.25, 6.00, 9.25, 6.75, 5.25, 9.25, 10.00, 8.75, 8.25, 6.25, 10.00, 6.25, 10.00, 9.50, 5.00, 7.50, 6.25, 8.00, 8.00, 6.50, 8.00, 10.00, 8.25, 8.00","6, 2, 10, 4, 3, 1, 1, 3, 5, 8, 3, 8, 2, 3, 1, 2, 3, 2, 1, 4, 2, 1, 1, 4, 3, 7, 4, 4, 1, 3","38,230, 20,180, 31,989, 35,258, 24,487, 28,300, 34,548, 24,557, 37,836, 31,340, 21,874, 40,405, 38,076, 34,265, 30,936, 24,665, 39,007, 24,578, 37,267, 37,878, 20,220, 28,400, 23,882, 32,427, 31,699, 29,670, 32,789, 39,792, 30,935, 31,701"],"handActionClassifierAugmentations":[],"suggestedColumnTypes":["Int","Double","Int","Int"],"styleTransferAlgorithmType":"image","generalRegressorType":{"auto":{}}},"state":"trained","trainingEntity":{"finishTime":"2024-01-01T01:09:30Z","validationResults":{"generalRegressor":{"maximumError":680.64528524932393,"rootMeanSquaredError":173.65337410344151}},"dataResult":{"itemsCount":10000,"createdDate":"2024-01-01T01:07:37Z","dataURL":"file:\/\/\/Users\/wtrieu\/Downloads\/HackingWithSwift-main\/SwiftUI\/project4-files\/BetterRest.csv","columnTypes":["Int","Double","Int","Int"],"columns":["wake","estimatedSleep","coffee","actualSleep"],"dataSourceID":"FCB24DA7-B06B-43A0-BB25-36AB5E635547","columnValues":["31,500, 32,400, 26,100, 40,500, 19,800, 27,000, 20,700, 21,600, 41,400, 34,200, 21,600, 78,300, 32,400, 28,800, 18,900, 18,000, 28,800, 18,000, 7,200, 35,100, 24,300, 35,100, 34,200, 27,900, 30,600, 69,300, 35,100, 34,200, 34,200, 23,400","9.00, 5.00, 6.50, 8.75, 6.00, 7.50, 9.25, 6.00, 9.25, 6.75, 5.25, 9.25, 10.00, 8.75, 8.25, 6.25, 10.00, 6.25, 10.00, 9.50, 5.00, 7.50, 6.25, 8.00, 8.00, 6.50, 8.00, 10.00, 8.25, 8.00","6, 2, 10, 4, 3, 1, 1, 3, 5, 8, 3, 8, 2, 3, 1, 2, 3, 2, 1, 4, 2, 1, 1, 4, 3, 7, 4, 4, 1, 3","38,230, 20,180, 31,989, 35,258, 24,487, 28,300, 34,548, 24,557, 37,836, 31,340, 21,874, 40,405, 38,076, 34,265, 30,936, 24,665, 39,007, 24,578, 37,267, 37,878, 20,220, 28,400, 23,882, 32,427, 31,699, 29,670, 32,789, 39,792, 30,935, 31,701"],"targetRange":[19216,45224],"dataAnalysis":{"issues":[{"description":"Data has 10000 rows","severity":"info"}],"regressorAnalysis":{"targetRange":[19216,45224]},"classifierAnalysis":{},"summary":{"sampleCount":10000,"canUseValidation":1}}},"featureExtractionCheckpointMayBeAvailable":false,"trainingResults":{"generalRegressor":{"maximumError":700.19949583000562,"rootMeanSquaredError":177.20856863952989}},"progress":[],"trainingAccuracy":177.20856863952989,"checkpointMetrics":{},"analysedDataType":"datasource","dataSourceID":"FCB24DA7-B06B-43A0-BB25-36AB5E635547","snapshottableCheckpoints":{},"validationAccuracy":173.65337410344151,"startTime":"2024-01-01T01:09:28Z"},"createdDate":"2024-01-01T01:05:38Z","evaluationContainerEntity":{"testingEvaluationEntity":{"id":"91eea7bb-0ed7-45e3-b543-a5035ed705b0","createdDate":"2024-01-01T01:05:38Z","dataResult":{"createdDate":"2024-01-01T01:07:37Z"},"analysedDataType":"none"},"createdDate":"2024-01-01T01:09:42Z","id":"e9ac5a49-8dcb-4810-ac4f-4e2b06762e87","trainingEvaluationEntity":{"id":"0877b0d3-70b7-432f-bac3-b3ca1bf2ed36","createdDate":"2024-01-01T01:05:38Z","dataResult":{"itemsCount":10000,"createdDate":"2024-01-01T01:07:37Z","targetRange":[19216,45224],"dataURL":"file:\/\/\/Users\/wtrieu\/Downloads\/HackingWithSwift-main\/SwiftUI\/project4-files\/BetterRest.csv","dataSourceID":"FCB24DA7-B06B-43A0-BB25-36AB5E635547","dataAnalysis":{"issues":[{"description":"Data has 10000 rows","severity":"info"}],"regressorAnalysis":{"targetRange":[19216,45224]},"classifierAnalysis":{},"summary":{"canUseValidation":1,"sampleCount":10000}}},"dataSourceID":"FCB24DA7-B06B-43A0-BB25-36AB5E635547","analysedDataType":"none","evaluationResult":{"generalRegressor":{"maximumError":700.19949583000562,"rootMeanSquaredError":177.20856863952989}}},"previewType":"tabularRegressor","modifiedDate":"2024-01-01T01:09:42Z","validationEvaluationEntity":{"id":"2aa8be78-487d-4680-98af-6f0551c96821","createdDate":"2024-01-01T01:05:38Z","dataResult":{"createdDate":"2024-01-01T01:07:37Z"},"analysedDataType":"auto","evaluationResult":{"generalRegressor":{"maximumError":680.64528524932393,"rootMeanSquaredError":173.65337410344151}}},"evaluationEntities":[{"id":"422a1b8e-04c6-4462-881f-58aa6b0d5eb1","createdDate":"2024-01-01T01:09:42Z","dataResult":{},"analysedDataType":"none"}]},"activityEntities":["trainingStarted",[{"id":"0551F811-47EE-428F-9426-63CA5EB13830","title":"Training Started","createdDate":"2024-01-01T01:09:28Z","event":"trainingStarted","subtitle":"BetterRest 1"}],"trainingDataAdded",[{"id":"4DFB8B75-E349-47E7-A6BC-554EF289302F","title":"Training Data Added","createdDate":"2024-01-01T01:08:23Z","event":"trainingDataAdded","subtitle":"BetterRest.csv"}],"experimentCreated",[{"id":"75A797A1-C08D-415F-963A-88748E00B5CC","title":"Model Source Created","createdDate":"2024-01-01T01:05:38Z","event":"experimentCreated","subtitle":"BetterRest 1"}],"trainingFinished",[{"id":"EE48C718-CC4B-4A28-8E3E-ED79DF9631B3","title":"Training Completed","createdDate":"2024-01-01T01:09:30Z","event":"trainingFinished","subtitle":"BetterRest 1"}]],"evaluationState":"uninitialized","title":"BetterRest 1","evaluationEntity":{"id":"41c73b11-2e0a-4a5e-b2ad-4f54c3b5d4bb","analysedDataType":"none","dataResult":{}},"snapshotRole":{"withoutSnapshots":0},"contentDataResult":{"createdDate":"2024-01-01T01:07:37Z"},"modifiedDate":"2024-01-01T01:09:42Z","preferredFilename":"BetterRest 1"}